ros_time,elapsed_s,truth_stamp,odom_stamp,sync_dt_s,truth_x_m,truth_y_m,truth_yaw_deg,truth_speed_mps,lio_raw_x_m,lio_raw_y_m,lio_raw_yaw_deg,lio_base_x_m,lio_base_y_m,lio_aligned_x_m,lio_aligned_y_m,lio_aligned_yaw_deg,lio_speed_mps,error_x_m,error_y_m,position_error_m,along_track_error_m,cross_track_error_m,yaw_error_deg,speed_error_mps,truth_distance_m,lio_distance_m,position_rmse_m,cross_track_rmse_m,yaw_rmse_deg,position_max_m,lio_degenerate,gps_status,gps_age_s,gps_shadow,status
1785251041.467604876,4.740,1785251041.174999952,1785251041.184821606,0.009822,-13.722859,-223.351151,62.599976,0.092452,0.276737,41.494415,-1.348983,-3.042343,41.572575,-13.722110,-223.351536,62.642547,0.000000,0.000749,-0.000386,0.000843,0.000003,-0.000843,0.042572,-0.092452,0.000000,0.000000,0.000843,0.000843,0.042572,0.000843,1,0,0.169921,0,LIO_DEGENERATE
1785251041.708603621,4.981,1785251041.467999935,1785251041.457569599,0.010430,-13.722859,-223.351151,62.599976,0.092452,0.277291,41.499020,-1.566289,-3.041468,41.589767,-13.737178,-223.343212,62.425242,0.000000,-0.014318,0.007939,0.016372,0.000459,0.016365,-0.174734,-0.092452,0.000000,0.017214,0.011592,0.011587,0.127170,0.016372,1,0,0.198714,0,LIO_DEGENERATE
1785251041.880508423,5.152,1785251041.657000065,1785251041.674469233,0.017469,-13.713472,-223.334381,62.594788,0.092373,0.277190,41.498379,-1.043718,-3.042259,41.558854,-13.709742,-223.357478,62.947812,0.000000,0.003731,-0.023097,0.023396,-0.018788,-0.013943,0.353024,-0.092373,0.019218,0.048138,0.016494,0.012422,0.228743,0.023396,1,0,0.162681,0,LIO_DEGENERATE
1785251042.097983837,5.370,1785251041.862999916,1785251041.869933128,0.006933,-13.704308,-223.317688,62.593750,0.092337,0.276870,41.495132,-1.538705,-3.041933,41.584282,-13.732452,-223.346034,62.452825,0.000000,-0.028144,-0.028346,0.039945,-0.038119,0.011938,-0.140925,-0.092337,0.038261,0.073568,0.024555,0.012303,0.210256,0.039945,1,0,0.002793,0,LIO_DEGENERATE
1785251042.338948250,5.611,1785251042.085000038,1785251042.088904381,0.003904,-13.694508,-223.299667,62.591721,0.092296,0.276814,41.494957,-1.387761,-3.042213,41.575363,-13.724559,-223.350197,62.603769,0.000000,-0.030051,-0.050529,0.058790,-0.058691,0.003418,0.012049,-0.092296,0.058774,0.082491,0.034258,0.011110,0.188136,0.058790,1,0,0.025413,0,LIO_DEGENERATE
1785251042.579433203,5.851,1785251042.322000027,1785251042.329008579,0.007009,-13.655785,-223.228561,62.682983,0.733701,0.287382,41.566315,-1.307361,-3.031754,41.642063,-13.779918,-223.311549,62.684169,0.000000,-0.124133,-0.082987,0.149318,-0.130699,0.072206,0.001186,-0.733701,0.139741,0.150007,0.068513,0.031174,0.171744,0.149318,1,0,0.077959,0,LIO_DEGENERATE
1785251042.800516129,6.072,1785251042.559000015,1785251042.564574242,0.005574,-13.488341,-222.914795,63.669449,1.992796,0.287323,41.565662,-1.171242,-3.031983,41.633525,-13.772345,-223.315499,62.820288,0.000000,-0.284004,-0.400704,0.491144,-0.485101,0.076807,-0.849161,-1.992796,0.495390,0.158548,0.196173,0.040936,0.358180,0.491144,1,0,0.079325,0,LIO_DEGENERATE
1785251043.001870155,6.274,1785251042.760999918,1785251042.768642187,0.007642,-13.248613,-222.436371,64.867981,3.032626,0.287236,41.563572,-5.081246,-3.019716,41.857619,-13.968365,-223.206208,58.910284,0.000000,-0.719752,-0.769838,1.053894,-1.002641,0.324660,-5.957697,-3.032626,1.030516,0.382977,0.415343,0.121003,2.132844,1.053894,1,0,0.110725,0,LIO_DEGENERATE|POSITION_DRIFT|YAW_DRIFT
1785251043.243891001,6.516,1785251042.961999893,1785251042.971811771,0.009812,-12.923718,-221.772308,65.110474,4.051601,0.287252,41.563778,-4.966432,-3.020283,41.851197,-13.962843,-223.209534,59.025099,0.000000,-1.039124,-1.437225,1.773526,-1.741074,0.337727,-6.085375,-4.051601,1.769796,0.389423,0.709105,0.160275,2.856260,1.773526,1,0,0.134473,0,LIO_DEGENERATE|POSITION_DRIFT|YAW_DRIFT
1785251043.431877136,6.704,1785251043.213999987,1785251043.228967190,0.014967,-12.386616,-220.688080,65.490326,5.280846,0.287286,41.564373,-4.811892,-3.021012,41.842870,-13.955679,-223.213840,59.179638,0.000000,-1.569063,-2.525761,2.973453,-2.949088,0.379873,-6.310688,-5.280846,2.979767,0.397782,1.156153,0.193777,3.365245,2.973453,1,0,0.139436,0,LIO_DEGENERATE|POSITION_DRIFT|YAW_DRIFT
1785251043.672452450,6.944,1785251043.420000076,1785251043.424789190,0.004789,-11.888220,-219.622437,67.527359,6.020409,0.287401,41.561920,-6.856332,-3.008857,41.958262,-14.054055,-223.152316,57.135198,0.000000,-2.165835,-3.529879,4.141363,-4.089702,0.652097,-10.392161,-6.020409,4.156200,0.513813,1.665636,0.269803,4.484780,4.141363,1,0,0.162576,0,LIO_DEGENERATE|POSITION_DRIFT|YAW_DRIFT
1785251043.910368681,7.182,1785251043.653000116,1785251043.658065319,0.005065,-11.302925,-218.226242,68.561768,6.843285,0.287295,41.560333,-10.517597,-2.976925,42.166358,-14.227074,-223.032367,53.473934,0.000000,-2.924149,-4.806125,5.625788,-5.542370,0.965204,-15.087834,-6.843285,5.670112,0.724344,2.276095,0.379950,6.116157,5.625788,1,0,0.022625,0,LIO_DEGENERATE|POSITION_DRIFT|YAW_DRIFT
1785251044.092660427,7.365,1785251043.877000093,1785251043.882135153,0.005135,-10.716490,-216.827759,68.580185,6.782209,0.264855,41.483299,-30.497447,-2.595829,43.168199,-14.960346,-222.250554,33.494083,0.000000,-4.243856,-5.422795,6.886002,-6.598091,1.970333,-35.086102,-6.782209,7.186576,1.796221,2.903371,0.657183,11.367711,6.886002,1,0,0.204917,0,LIO_DEGENERATE|POSITION_DRIFT|YAW_DRIFT
1785251044.318579674,7.591,1785251044.066999912,1785251044.075165749,0.008166,-10.213226,-215.634933,68.729156,6.858358,0.265361,41.483860,-29.903203,-2.612644,43.139000,-14.941478,-222.278470,34.088327,0.000000,-4.728251,-6.643536,8.154320,-7.906253,1.996021,-34.640830,-6.858358,8.481221,1.829915,3.546399,0.828021,14.342520,8.154320,1,0,0.010113,0,LIO_DEGENERATE|POSITION_DRIFT|YAW_DRIFT
1785251044.543458462,7.815,1785251044.298000097,1785251044.304060221,0.006060,-9.592528,-214.081909,70.901230,7.560521,0.262240,41.476673,-35.388918,-2.444357,43.399363,-15.101679,-222.013055,28.602613,0.000000,-5.509150,-7.931145,9.656801,-9.297164,2.610852,-42.298617,-7.560521,10.153689,2.139930,4.237382,1.046111,17.642908,9.656801,1,0,0.013025,0,LIO_DEGENERATE|POSITION_DRIFT|YAW_DRIFT
1785251044.788900852,8.061,1785251044.503000021,1785251044.509923697,0.006924,-9.042372,-212.530319,71.941849,8.236991,0.272676,41.545982,-36.576373,-2.393494,43.524350,-15.191704,-221.912536,27.415157,0.000000,-6.149333,-9.382217,11.217856,-10.826254,2.938112,-44.526692,-8.236991,11.799929,2.274870,4.969729,1.251192,20.389503,11.217856,1,0,0.094725,0,LIO_DEGENERATE|POSITION_DRIFT|YAW_DRIFT
1785251045.003968954,8.276,1785251044.739000082,1785251044.755897760,0.016898,-8.362844,-210.587082,72.003250,9.090978,-74.167183,-63.575005,-34.756944,-76.894821,-61.682285,46.691443,-335.002588,29.234586,0.000000,55.054286,-124.415506,136.052168,-101.318618,-90.800496,-42.768664,-9.090978,13.858552,131.189119,33.347867,22.055782,22.335501,136.052168,1,0,0.114451,0,LIO_DEGENERATE|POSITION_DRIFT|YAW_DRIFT
1785251045.244328499,8.516,1785251044.966000080,1785251044.972918034,0.006918,-7.637846,-208.527618,72.006546,9.938907,-74.208382,-63.617809,-52.294957,-76.238883,-60.991126,46.357910,-334.110000,11.696573,0.000000,53.995756,-125.582382,136.698487,-102.760636,-90.148366,-60.309973,-9.938907,16.041900,132.141986,45.699404,30.181401,25.946699,136.698487,1,0,0.155466,0,LIO_DEGENERATE|POSITION_DRIFT|YAW_DRIFT
1785251045.435734510,8.708,1785251045.197999954,1785251045.213063002,0.015063,-6.844485,-206.267258,71.998749,10.713043,-74.197571,-63.608875,-43.319580,-76.612998,-61.331133,46.499433,-334.595323,20.671950,0.000000,53.343918,-128.328066,138.973616,-105.561092,-90.390940,-51.326799,-10.713043,18.437449,132.647523,54.726837,35.958329,27.864901,138.973616,1,0,0.128820,0,LIO_DEGENERATE|POSITION_DRIFT|YAW_DRIFT
1785251045.672929764,8.945,1785251045.397000074,1785251045.402867556,0.005867,-6.112346,-204.180801,71.999603,11.417869,-74.179512,-63.585342,-32.872389,-76.967919,-61.783347,46.750217,-335.112598,31.119141,0.000000,52.862563,-130.931797,141.200517,-108.187480,-90.736184,-40.880462,-11.417869,20.648631,133.222385,61.985116,40.496965,28.656425,141.200517,1,0,0.148793,0,LIO_DEGENERATE|POSITION_DRIFT|YAW_DRIFT
1785251045.862205029,9.134,1785251045.634000063,1785251045.639618635,0.005619,-5.176724,-201.514709,72.002502,12.267832,-74.256630,-63.561340,-34.567342,-76.990517,-61.677657,46.645321,-335.086563,29.424189,0.000000,51.822045,-133.571853,143.272343,-111.024444,-90.556817,-42.578314,-12.267832,23.474129,133.330463,68.093093,44.186089,29.468891,143.272343,1,0,0.165712,0,LIO_DEGENERATE|POSITION_DRIFT|YAW_DRIFT
1785251046.117100239,9.389,1785251045.838000059,1785251045.848113298,0.010113,-4.315361,-199.054230,72.522003,12.968474,-74.178314,-63.573677,-31.484225,-77.009557,-61.839761,46.782660,-335.174758,32.507305,0.000000,51.098020,-136.120528,145.395343,-114.489410,-89.621320,-40.014698,-12.968474,26.081025,133.493682,73.394904,47.209687,30.028700,145.395343,1,0,0.026833,0,LIO_DEGENERATE|POSITION_DRIFT|YAW_DRIFT
1785251046.324056625,9.596,1785251046.068000078,1785251046.072044849,0.004045,-3.385409,-196.124954,75.983810,13.831943,-74.141983,-63.562794,-20.139735,-77.258984,-62.419682,47.194476,-335.653223,43.851795,0.000000,50.579885,-139.528268,148.413148,-123.123891,-82.867183,-32.132015,-13.831943,29.154372,134.124967,78.168248,49.299251,30.123203,148.413148,1,0,0.024696,0,LIO_DEGENERATE|POSITION_DRIFT|YAW_DRIFT
1785251046.529894590,9.802,1785251046.275000095,1785251046.283796310,0.008796,-2.660256,-193.321533,77.079926,13.913881,-74.155960,-63.558914,-19.091965,-77.293343,-62.472991,47.227320,-335.707478,44.899565,0.000000,49.887576,-142.385945,150.872554,-127.626704,-80.460873,-32.180360,-13.913881,32.050061,134.188390,82.487083,50.979376,30.211714,150.872554,1,0,0.036079,0,LIO_DEGENERATE|POSITION_DRIFT|YAW_DRIFT
1785251046.743561268,10.016,1785251046.505000114,1785251046.510112524,0.005112,-1.884177,-190.229248,77.092010,13.824421,-74.151337,-63.547523,-12.865292,-77.387992,-62.808294,47.487163,-335.939574,51.126238,0.000000,49.371340,-145.710326,153.847419,-130.999366,-80.673381,-25.965773,-13.824421,35.238247,134.536795,86.479565,52.490653,30.053396,153.847419,1,0,0.043860,0,LIO_DEGENERATE|POSITION_DRIFT|YAW_DRIFT
1785251046.983077526,10.255,1785251046.709000111,1785251046.714532137,0.005532,-1.192227,-187.506531,77.097748,13.737576,-74.130974,-63.556335,-14.389709,-77.346818,-62.731263,47.435988,-335.868791,49.601821,0.000000,48.628215,-148.362261,156.128356,-133.758354,-80.528046,-27.495927,-13.737576,38.047514,134.624140,90.158822,53.839678,29.959069,156.128356,1,0,0.092199,0,LIO_DEGENERATE|POSITION_DRIFT|YAW_DRIFT
1785251047.191332340,10.463,1785251046.930000067,1785251046.939590693,0.009591,-0.446648,-184.566315,77.098846,13.651998,-74.133194,-63.558079,-15.494747,-77.332528,-62.671141,47.388220,-335.829585,48.496783,0.000000,47.834868,-151.263270,158.646625,-136.764807,-80.399869,-28.602063,-13.651998,41.080790,134.685937,93.593426,55.052373,29.909908,158.646625,1,0,0.096907,0,LIO_DEGENERATE|POSITION_DRIFT|YAW_DRIFT
1785251047.413434029,10.685,1785251047.134999990,1785251047.149802923,0.014803,0.233878,-181.880920,77.100494,13.570940,-121.639252,60.714520,38.939967,-124.221564,58.627880,-82.187786,-324.780025,102.931497,0.000000,-82.421663,-142.899105,164.965102,-157.692730,48.440558,25.831003,-13.570940,43.851071,264.732214,97.050462,54.829968,29.773856,164.965102,1,0,0.120234,0,LIO_DEGENERATE|POSITION_DRIFT|YAW_DRIFT
1785251047.635739803,10.908,1785251047.369999886,1785251047.380487919,0.010488,1.022792,-178.768707,77.103241,13.474042,-121.649422,60.731438,39.758774,-124.201651,58.608109,-82.161285,-324.770799,103.750304,0.000000,-83.184077,-146.002092,168.036310,-160.885285,48.498727,26.647063,-13.474042,47.061718,264.760275,100.337771,54.623866,29.671521,168.036310,1,0,0.130723,0,LIO_DEGENERATE|POSITION_DRIFT|YAW_DRIFT
1785251047.841456175,11.113,1785251047.604000092,1785251047.617414951,0.013415,1.789983,-175.741684,77.106812,13.384877,-121.648254,60.729752,40.470186,-124.173924,58.574898,-82.119279,-324.760443,104.461716,0.000000,-83.909261,-149.018759,171.018580,-163.984686,48.542532,27.354904,-13.384877,50.184450,264.803539,103.474592,54.432103,29.597222,171.018580,1,0,0.142236,0,LIO_DEGENERATE|POSITION_DRIFT|YAW_DRIFT
1785251048.064635754,11.337,1785251047.812999964,1785251047.822040319,0.009040,2.471859,-173.052399,77.106445,13.295357,-121.653717,60.737965,40.592412,-124.174784,58.577728,-82.122199,-324.759974,104.583942,0.000000,-84.594058,-151.707576,173.699002,-166.758824,48.609031,27.477497,-13.295357,52.958834,264.806497,106.465363,54.254018,29.531219,173.699002,1,0,0.159945,0,LIO_DEGENERATE|POSITION_DRIFT|YAW_DRIFT
1785251048.271299601,11.543,1785251048.038000107,1785251048.053424835,0.015425,3.194745,-170.142883,78.658859,13.507897,-121.656769,60.739697,41.966096,-124.125324,58.519643,-82.048308,-324.740994,105.957626,0.000000,-85.243053,-154.598110,176.541649,-168.342447,53.176820,27.298767,-13.507897,55.956807,264.882787,109.337213,54.220679,29.464015,176.541649,1,0,0.172974,0,LIO_DEGENERATE|POSITION_DRIFT|YAW_DRIFT
1785251048.516145468,11.788,1785251048.246999979,1785251048.255845070,0.008845,3.765771,-167.279053,82.480225,14.262163,-121.655342,60.748280,43.275559,-124.072519,58.472394,-81.982688,-324.714255,107.267090,0.000000,-85.748459,-157.435203,179.272534,-167.302983,64.407712,24.786865,-14.262163,58.877012,264.953645,112.099344,54.557331,29.333243,179.272534,1,0,0.014371,0,LIO_DEGENERATE|POSITION_DRIFT|YAW_DRIFT
1785251048.707957506,11.980,1785251048.471999884,1785251048.485536575,0.013537,4.178012,-164.013397,86.248672,14.969522,-121.776970,60.766132,40.667032,-124.295221,58.602614,-82.197377,-324.857302,104.658562,0.000000,-86.375389,-160.843905,182.569082,-166.150500,75.666909,18.409889,-14.969522,62.168585,265.211626,114.791133,55.293352,29.070611,182.569082,1,0,0.206183,0,LIO_DEGENERATE|POSITION_DRIFT|YAW_DRIFT
1785251048.954849482,12.227,1785251048.680000067,1785251048.692314625,0.012315,4.386127,-160.813934,89.399323,15.552622,-121.770340,60.765995,39.263353,-124.340834,58.664814,-82.273280,-324.871021,103.254883,0.000000,-86.659406,-164.057087,185.538622,-164.956574,84.934734,13.855560,-15.552622,65.374809,265.288758,117.405613,56.357018,28.747865,185.538622,1,0,0.055333,0,LIO_DEGENERATE|POSITION_DRIFT|YAW_DRIFT
1785251049.171617746,12.444,1785251048.910000086,1785251048.919051170,0.009051,4.406334,-157.271713,93.768280,15.289611,-121.757103,60.769341,36.527039,-124.424975,58.793270,-82.425623,-324.890313,100.518569,0.000000,-86.831957,-167.618600,188.774426,-161.549484,97.660371,6.750289,-15.289611,68.917088,265.442317,119.962785,57.903540,28.368095,188.774426,1,0,0.064774,0,LIO_DEGENERATE|POSITION_DRIFT|YAW_DRIFT
1785251049.392023802,12.664,1785251049.118000031,1785251049.131142139,0.013142,4.169775,-154.121124,98.273087,15.374704,-121.475845,60.754395,35.277627,-124.186171,58.836965,-82.360177,-324.656532,99.269157,0.000000,-86.529952,-170.535408,191.232209,-156.309815,110.168051,0.996070,-15.374704,72.076545,265.685086,122.435672,59.918530,27.982596,191.232209,1,0,0.109389,0,LIO_DEGENERATE|POSITION_DRIFT
1785251049.581151962,12.853,1785251049.338000059,1785251049.347718000,0.009718,3.746783,-150.647903,96.724640,16.155415,-121.311958,60.697796,34.142664,-124.059732,58.834428,-82.302452,-324.544010,98.134194,0.000000,-86.049235,-173.896107,194.021460,-162.623589,105.820107,1.409555,-16.155415,75.575429,265.811551,124.846495,61.566484,27.612896,194.021460,1,0,0.059600,0,LIO_DEGENERATE|POSITION_DRIFT
1785251049.847562075,13.120,1785251049.542999983,1785251049.556536436,0.013536,3.489137,-147.251877,93.622986,16.848295,-200.859100,-28.804493,-45.838868,-203.172073,-26.422780,-40.370386,-433.030211,18.152662,0.000000,-43.859522,-285.778335,289.124392,-282.435672,61.830458,-75.470324,-16.848295,78.981215,382.119565,131.644968,61.573266,29.815547,289.124392,1,0,0.143020,0,LIO_DEGENERATE|POSITION_DRIFT|YAW_DRIFT
1785251050.017679930,13.290,1785251049.788000107,1785251049.773548603,0.014452,3.448272,-143.164993,89.399887,16.598708,-200.849548,-28.799458,-43.175251,-203.270706,-26.527807,-40.319246,-433.164910,20.816279,0.000000,-43.767518,-289.999916,293.284072,-290.442420,40.727730,-68.583608,-16.598708,83.068302,382.263645,138.012776,61.138810,31.374121,293.284072,1,0,0.112472,0,LIO_DEGENERATE|POSITION_DRIFT|YAW_DRIFT
1785251050.219737053,13.492,1785251049.983000040,1785251049.990287304,0.007287,3.640842,-139.963760,85.103851,16.343532,-200.852737,-28.801838,-43.513260,-203.260451,-26.515943,-40.325411,-433.150492,20.478270,0.000000,-43.966253,-293.186731,296.464991,-295.869421,18.782349,-64.625581,-16.343532,86.275322,382.279325,143.967522,60.459812,32.591292,296.464991,1,0,0.114815,0,LIO_DEGENERATE|POSITION_DRIFT|YAW_DRIFT
1785251050.438190699,13.710,1785251050.184999943,1785251050.201691151,0.016691,4.082787,-136.709976,81.736450,16.202167,-200.848892,-28.799158,-42.351500,-203.302458,-26.562550,-40.301944,-433.208682,21.640030,0.000000,-44.384731,-296.498706,299.802413,-299.799555,1.309135,-60.096420,-16.202167,89.558983,382.342069,149.576707,59.736058,33.509581,299.802413,1,0,0.143049,0,LIO_DEGENERATE|POSITION_DRIFT|YAW_DRIFT
1785251050.693753242,13.966,1785251050.413000107,1785251050.421324492,0.008324,4.713204,-133.110214,81.610535,16.114282,-260.057892,50.867233,16.552110,-263.240314,49.921408,-135.323303,-453.538063,80.543640,0.000000,-140.036508,-320.427849,349.691621,-337.430492,91.787215,-1.066895,-16.114282,93.213530,479.513785,157.151849,60.674034,33.118042,349.691621,1,0,0.013192,0,LIO_DEGENERATE|POSITION_DRIFT
1785251050.853476524,14.125,1785251050.621000051,1785251050.630797863,0.009798,5.288939,-129.785065,81.596191,16.051034,-260.177490,50.482895,16.816783,-263.355510,49.522378,-135.015198,-453.816569,80.808313,0.000000,-140.304137,-324.031504,353.102912,-341.057534,91.440827,-0.787878,-16.051034,96.588154,479.929110,164.222682,61.544325,32.739753,353.102912,1,0,0.172915,0,LIO_DEGENERATE|POSITION_DRIFT
1785251051.110271454,14.382,1785251050.828999996,1785251050.835830212,0.006830,5.851087,-126.522324,81.588837,15.974352,-260.352966,50.155594,17.413431,-263.520811,49.162036,-134.763833,-454.123142,81.404961,0.000000,-140.614919,-327.600818,356.503649,-344.645651,91.182382,-0.183876,-15.974352,99.898968,480.325558,170.862829,62.356181,32.373946,356.503649,1,0,0.002122,0,LIO_DEGENERATE|POSITION_DRIFT
1785251051.331086636,14.603,1785251051.082000017,1785251051.092968464,0.010968,6.540431,-122.528809,81.582916,15.884093,-260.488739,49.799755,17.713187,-263.651343,48.789637,-134.486386,-454.403752,81.704717,0.000000,-141.026817,-331.874944,360.596092,-348.943452,90.928592,0.121801,-15.884093,103.951542,480.720170,177.161454,63.115011,32.020127,360.596092,1,0,0.013163,0,LIO_DEGENERATE|POSITION_DRIFT
1785251051.581211805,14.853,1785251051.323999882,1785251051.312302828,0.011697,7.189403,-118.769402,81.578674,15.789879,-337.157318,16.873772,-11.803452,-340.407117,17.552894,-140.070726,-537.083847,52.188078,0.000000,-147.260129,-418.314446,443.477757,-435.370561,84.409690,-29.390596,-15.789879,107.766553,563.588638,186.823209,63.642319,31.966431,443.477757,1,0,0.073883,0,LIO_DEGENERATE|POSITION_DRIFT|YAW_DRIFT
1785251051.755661488,15.028,1785251051.517999887,1785251051.526246309,0.008246,7.708442,-115.761032,81.679993,15.707881,-337.277588,17.182465,-11.705736,-340.528540,17.856044,-140.396420,-537.060042,52.285794,0.000000,-148.104863,-421.299010,446.573517,-438.296002,85.583411,-29.394199,-15.707881,110.819369,563.915201,195.781806,64.175983,31.914958,446.573517,1,0,0.038067,0,LIO_DEGENERATE|POSITION_DRIFT|YAW_DRIFT
1785251052.024582148,15.297,1785251051.747999907,1785251051.738668442,0.009331,8.263183,-112.173553,84.337158,15.570098,-337.418945,17.341537,-14.041926,-340.639739,18.147075,-140.706740,-537.032361,49.949604,0.000000,-148.969922,-424.858807,450.218884,-437.484918,106.320226,-34.387554,-15.570098,114.449485,564.226753,204.168887,65.308486,31.967331,450.218884,1,0,0.124047,0,LIO_DEGENERATE|POSITION_DRIFT|YAW_DRIFT
1785251052.234540462,15.506,1785251051.957000017,1785251051.974590063,0.017590,8.622194,-108.991226,85.714157,15.474613,-337.447327,17.380619,-15.578867,-340.645355,18.272253,-140.821704,-536.982518,48.412663,0.000000,-149.443898,-427.991291,453.332135,-437.962760,117.041210,-37.301494,-15.474613,117.651999,564.352057,212.041119,66.737300,32.082707,453.332135,1,0,0.135895,0,LIO_DEGENERATE|POSITION_DRIFT|YAW_DRIFT
1785251052.434342623,15.706,1785251052.188999891,1785251052.201517582,0.012518,8.921679,-105.424408,87.144897,15.358087,-337.382751,17.299294,-16.240761,-340.570267,18.227812,-140.748836,-536.934521,47.750770,0.000000,-149.670515,-431.510113,456.729943,-438.429614,127.991072,-39.394128,-15.358087,121.231368,564.439311,219.476831,68.467120,32.242008,456.729943,1,0,0.104941,0,LIO_DEGENERATE|POSITION_DRIFT|YAW_DRIFT
1785251052.669248819,15.941,1785251052.398999929,1785251052.413423300,0.014423,9.154707,-102.210365,87.151764,15.276840,-337.345490,17.302675,-15.714698,-340.541396,18.201889,-140.712878,-536.919941,48.276832,0.000000,-149.867585,-434.709576,459.818125,-441.619575,128.081457,-38.874931,-15.276840,124.453847,564.478113,226.516546,70.093335,32.382379,459.818125,1,0,0.170579,0,LIO_DEGENERATE|POSITION_DRIFT|YAW_DRIFT
1785251052.921734810,16.194,1785251052.628999949,1785251052.643486261,0.014486,9.412226,-98.724335,87.146576,15.176721,-408.587219,37.493225,-13.486956,-411.815664,38.267529,-190.000508,-592.177346,50.504574,0.000000,-199.412734,-493.453011,532.222991,-502.768183,174.600878,-36.642002,-15.176721,127.949377,638.523040,235.979216,73.454568,32.467922,532.222991,1,0,0.034990,0,LIO_DEGENERATE|POSITION_DRIFT|YAW_DRIFT
1785251053.102831841,16.375,1785251052.895999908,1785251052.884317875,0.011682,9.709759,-94.708572,87.138855,15.063303,-408.675293,37.457886,-13.406501,-411.904822,38.227655,-190.003768,-592.274959,50.585029,0.000000,-199.713527,-497.566387,536.150914,-506.914969,174.628222,-36.553826,-15.063303,131.976146,638.620708,244.904588,76.553106,32.548249,536.150914,1,0,0.015621,0,LIO_DEGENERATE|POSITION_DRIFT|YAW_DRIFT
1785251053.321600199,16.594,1785251053.065000057,1785251053.080720663,0.015721,9.898329,-92.163269,87.138092,14.996204,-408.741638,37.463284,-13.453146,-411.970539,38.235682,-190.039800,-592.330502,50.538384,0.000000,-199.938128,-500.167233,538.648787,-509.526111,174.715936,-36.599708,-14.996204,134.528425,638.686914,253.304287,79.428192,32.626402,538.648787,1,0,0.009559,0,LIO_DEGENERATE|POSITION_DRIFT|YAW_DRIFT
1785251053.571032286,16.843,1785251053.295000076,1785251053.307568550,0.012568,10.152357,-88.743927,87.132355,14.904797,-408.834869,37.502750,-13.944527,-412.057027,38.302812,-190.138057,-592.378795,50.047003,0.000000,-200.290414,-503.634868,542.000304,-513.024520,174.843276,-37.085352,-14.904797,137.957190,638.796397,261.272051,82.110145,32.711357,542.000304,1,0,0.051439,0,LIO_DEGENERATE|POSITION_DRIFT|YAW_DRIFT
1785251053.764737368,17.037,1785251053.565000057,1785251053.548416615,0.016583,10.450947,-84.749512,87.122650,14.805566,-408.982056,37.549122,-13.831228,-412.205789,38.342810,-190.239237,-592.494952,50.160302,0.000000,-200.690184,-507.745440,545.968847,-517.179586,174.949302,-36.962348,-14.805566,141.962750,638.950443,268.877286,84.621293,32.790685,545.968847,1,0,0.070682,0,LIO_DEGENERATE|POSITION_DRIFT|YAW_DRIFT
1785251054.044721127,17.317,1785251053.733999968,1785251053.745037317,0.011037,10.631305,-82.257736,88.145233,14.714025,-479.752197,59.956284,12.913997,-482.988223,59.214303,-240.035438,-646.956961,76.905528,0.000000,-250.666743,-564.699225,617.834145,-572.516481,232.258282,-11.239706,-14.714025,144.461044,712.745918,278.621413,89.260121,32.540263,617.834145,1,0,0.137880,0,LIO_DEGENERATE|POSITION_DRIFT|YAW_DRIFT
1785251054.278280735,17.550,1785251053.994999886,1785251054.005345821,0.010346,10.773776,-78.442749,91.347702,14.564878,-479.986694,59.876457,17.490795,-483.153195,58.878623,-239.806094,-647.252423,81.482325,0.000000,-250.579870,-568.809674,621.558297,-562.758771,263.888768,-9.865377,-14.564878,148.278691,713.119946,287.857912,94.934830,32.288874,621.558297,1,0,0.155799,0,LIO_DEGENERATE|POSITION_DRIFT|YAW_DRIFT
1785251054.498312950,17.770,1785251054.259999990,1785251054.247403860,0.012596,10.719357,-74.581879,92.368591,14.447941,-479.940002,59.992546,17.543778,-483.105579,58.991784,-239.886915,-647.160008,81.535308,0.000000,-250.606272,-572.578129,625.019374,-561.731897,274.055639,-10.833283,-14.447941,152.139945,713.242717,296.634390,100.569312,32.049200,625.019374,1,0,0.188385,0,LIO_DEGENERATE|POSITION_DRIFT|YAW_DRIFT
1785251054.739127636,18.011,1785251054.493999958,1785251054.482236385,0.011764,10.658827,-71.249985,92.370071,14.349158,-479.908691,59.972988,17.011226,-483.083433,59.001692,-239.886109,-647.135760,81.002757,0.000000,-250.544936,-575.885775,628.026425,-565.032170,274.145650,-11.367315,-14.349158,155.472388,713.266978,304.984140,105.737614,31.818720,628.026425,1,0,0.018936,0,LIO_DEGENERATE|POSITION_DRIFT|YAW_DRIFT
1785251054.961644173,18.234,1785251054.690999985,1785251054.706716061,0.015716,10.612063,-68.415398,92.367813,14.267773,-556.171509,12.254131,-37.299397,-558.812502,14.265985,-232.888321,-734.812475,26.692134,0.000000,-243.500385,-666.397077,709.491016,-655.768039,270.824261,-65.675680,-14.267773,158.307361,801.222509,315.648650,110.377125,32.644612,709.491016,1,0,0.069243,0,LIO_DEGENERATE|POSITION_DRIFT|YAW_DRIFT
1785251055.160873175,18.433,1785251054.900000095,1785251054.913805723,0.013806,10.559772,-65.428947,92.370651,14.183053,-556.206421,12.193053,-37.297600,-558.847477,14.204824,-232.848691,-734.870727,26.693930,0.000000,-243.408463,-669.441780,712.320136,-658.800523,270.890841,-65.676721,-14.183053,161.294269,801.292964,325.739996,114.693149,33.424878,712.320136,1,0,0.055036,0,LIO_DEGENERATE|POSITION_DRIFT|YAW_DRIFT
1785251055.418146849,18.690,1785251055.160000086,1785251055.145628691,0.014371,10.494502,-61.768806,92.369522,14.082955,-556.205078,12.152532,-37.176600,-558.850377,14.158720,-232.808528,-734.893550,26.814930,0.000000,-243.303030,-673.124744,715.746663,-662.490035,270.924784,-65.554592,-14.082955,164.954992,801.339158,335.340443,118.725977,34.160106,715.746663,1,0,0.119212,0,LIO_DEGENERATE|POSITION_DRIFT|YAW_DRIFT
1785251055.637432337,18.909,1785251055.388000011,1785251055.402404785,0.014405,10.439924,-58.584061,92.366379,13.989798,-556.192017,12.124666,-37.268429,-558.834097,14.135092,-232.780154,-734.889280,26.723102,0.000000,-243.220078,-676.305219,718.710481,-665.686085,270.936877,-65.643277,-13.989798,168.140205,801.367852,344.485132,122.508504,34.860482,718.710481,1,0,0.118255,0,LIO_DEGENERATE|POSITION_DRIFT|YAW_DRIFT
1785251055.891876459,19.164,1785251055.591000080,1785251055.605778456,0.014778,10.390786,-55.743725,92.362701,13.912296,-556.192871,12.089871,-37.201534,-558.837297,14.097211,-232.747512,-734.908766,26.789996,0.000000,-243.138298,-679.165042,721.374650,-668.564236,270.930338,-65.572705,-13.912296,170.980966,801.405868,353.208921,126.067859,35.524477,721.374650,1,0,0.191013,0,LIO_DEGENERATE|POSITION_DRIFT|YAW_DRIFT
1785251056.104869127,19.377,1785251055.836999893,1785251055.834904909,0.002095,10.332608,-52.326256,92.355850,13.819653,-622.634460,100.258385,33.642708,-625.398389,98.419064,-337.717332,-757.753695,97.634238,0.000000,-348.049940,-705.427440,786.617209,-690.524356,376.752898,5.278388,-13.819653,174.398931,908.832838,363.496667,133.320827,35.264269,786.617209,1,0,0.037366,0,LIO_DEGENERATE|POSITION_DRIFT|YAW_DRIFT
1785251056.288280725,19.560,1785251056.019999981,1785251056.034227371,0.014227,10.289739,-49.813400,92.353516,13.744884,-622.657227,100.301193,33.718769,-625.418711,98.458205,-337.761420,-757.754796,97.710299,0.000000,-348.051159,-707.941395,788.873012,-693.051492,376.829215,5.356784,-13.744884,176.912152,908.876940,373.280746,140.004619,35.010040,788.873012,1,0,0.220778,0,LIO_DEGENERATE|POSITION_DRIFT|YAW_DRIFT
1785251056.555482626,19.827,1785251056.263000011,1785251056.274612665,0.011613,10.232503,-46.498047,92.353561,13.644147,-622.671204,100.335411,33.717167,-625.432739,98.492500,-337.798394,-757.752365,97.708698,0.000000,-348.030897,-711.254318,791.838500,-696.362152,376.945572,5.355136,-13.644147,180.227999,908.913993,382.630621,146.206916,34.761396,791.838500,1,0,0.043700,0,LIO_DEGENERATE|POSITION_DRIFT|YAW_DRIFT
1785251056.768056870,20.040,1785251056.559000015,1785251056.539896011,0.019104,10.162300,-42.483685,92.353943,13.509205,-622.678955,100.366684,36.896248,-625.334039,98.373463,-337.648131,-757.715858,100.887778,0.000000,-347.810431,-715.232174,795.317018,-700.343196,376.893309,8.533835,-13.509205,184.242975,909.068628,391.600314,151.987991,34.527277,795.317018,1,0,0.056780,0,LIO_DEGENERATE|POSITION_DRIFT|YAW_DRIFT
1785251056.978890896,20.251,1785251056.729000092,1785251056.741594553,0.012594,10.122451,-40.200092,92.353973,13.427577,-622.751831,100.466728,34.942879,-625.473313,98.565167,-337.881493,-757.756965,98.934409,0.000000,-348.003944,-717.556873,797.492703,-702.657784,377.182514,6.580436,-13.427577,186.526915,909.305583,400.185714,157.412668,34.292159,797.492703,1,0,0.068115,0,LIO_DEGENERATE|POSITION_DRIFT|YAW_DRIFT
1785251057.239719391,20.512,1785251056.957999945,1785251056.967005253,0.009005,10.070002,-37.144722,92.353394,13.334891,-700.188110,3.714729,-39.670179,-702.743620,5.834109,-288.424720,-867.864990,24.321351,0.000000,-298.494721,-830.720268,882.720376,-817.762543,332.354758,-68.032043,-13.334891,189.582736,1030.010800,410.787629,161.148258,34.984314,882.720376,1,0,0.154898,0,LIO_DEGENERATE|POSITION_DRIFT|YAW_DRIFT
1785251057.441939354,20.714,1785251057.203000069,1785251057.185760260,0.017240,10.014347,-33.877689,92.347366,13.233428,-700.209839,3.706309,-41.012827,-702.714987,5.884986,-288.457889,-867.816946,22.978703,0.000000,-298.472236,-833.939257,885.742830,-821.014710,332.378108,-69.368663,-13.233428,192.850242,1030.069181,420.929933,164.700892,35.679888,885.742830,1,0,0.107749,0,LIO_DEGENERATE|POSITION_DRIFT|YAW_DRIFT
1785251057.701608419,20.974,1785251057.401000023,1785251057.411562681,0.010563,9.969819,-31.259310,92.343903,13.140601,-700.358643,3.523761,-40.500881,-702.883157,5.679967,-288.347376,-868.057988,23.490650,0.000000,-298.317195,-836.798678,888.383462,-823.898171,332.290505,-68.853253,-13.140601,195.469000,1030.334349,430.642383,168.083111,36.330640,888.383462,1,0,0.001761,0,LIO_DEGENERATE|POSITION_DRIFT|YAW_DRIFT
1785251057.804472208,21.076,1785251057.572999954,1785251057.562739611,0.010260,9.931214,-29.026178,92.346069,13.055148,-700.301941,3.604861,-41.743521,-702.779101,5.815308,-288.423381,-867.905122,22.248009,0.000000,-298.354596,-838.878944,890.355742,-825.962596,332.444188,-70.098060,-13.055148,197.702466,1030.505067,439.943105,171.314997,36.984227,890.355742,1,0,0.104625,0,LIO_DEGENERATE|POSITION_DRIFT|YAW_DRIFT
1785251058.037439823,21.309,1785251057.778000116,1785251057.787271500,0.009271,9.883945,-26.355938,92.350906,12.960024,-700.300598,3.606788,-41.316204,-702.794175,5.798699,-288.415065,-867.925952,22.675327,0.000000,-298.299010,-841.570014,892.873109,-828.625613,332.568764,-69.675580,-12.960024,200.373124,1030.527496,448.879710,174.407422,37.599371,892.873109,1,0,0.146844,0,LIO_DEGENERATE|POSITION_DRIFT|YAW_DRIFT
1785251058.279931307,21.552,1785251058.007999897,1785251058.020060062,0.012060,9.831463,-23.383120,92.352539,12.852578,-700.321228,3.585826,-39.964215,-702.865828,5.718292,-288.374221,-868.025608,24.027315,0.000000,-298.205684,-844.642488,895.738557,-831.689850,332.625247,-68.325224,-12.852578,203.346406,1030.635197,457.489126,177.369072,38.157313,895.738557,1,0,0.184927,0,LIO_DEGENERATE|POSITION_DRIFT|YAW_DRIFT
1785251058.499744654,21.772,1785251058.276999950,1785251058.263034821,0.013965,9.770931,-19.936390,92.356354,12.745063,-700.321472,3.585427,-40.178550,-702.858077,5.727397,-288.379005,-868.014649,23.812980,0.000000,-298.149936,-848.078259,898.960576,-835.102861,332.766179,-68.543374,-12.745063,206.793667,1030.647154,465.804312,180.211307,38.698158,898.960576,1,0,0.206899,0,LIO_DEGENERATE|POSITION_DRIFT|YAW_DRIFT
1785251058.763298988,22.035,1785251058.476999998,1785251058.485572100,0.008572,9.726251,-17.406610,92.356735,12.667476,-700.321472,3.585343,-40.252367,-702.855315,5.730579,-288.380654,-868.010772,23.739163,0.000000,-298.106904,-850.604161,901.329665,-837.626180,332.832612,-68.617573,-12.667476,209.323841,1030.651367,473.825535,182.940626,39.219775,901.329665,1,0,0.064448,0,LIO_DEGENERATE|POSITION_DRIFT|YAW_DRIFT
1785251059.016262054,22.288,1785251058.740000010,1785251058.750844717,0.010845,9.668215,-14.080402,92.354538,12.578448,-700.322327,3.584634,-41.804087,-702.797149,5.797699,-288.415470,-867.929064,22.187443,0.000000,-298.083685,-853.848661,904.384553,-840.881659,332.910582,-70.167095,-12.578448,212.650555,1030.740184,481.589190,185.564813,39.755580,904.384553,1,0,0.109432,0,LIO_DEGENERATE|POSITION_DRIFT|YAW_DRIFT
1785251059.229248524,22.501,1785251058.937999964,1785251058.948382139,0.010382,9.626613,-11.602345,92.346451,12.520094,-700.323425,3.583072,-40.731983,-702.839222,5.749443,-288.390550,-867.988037,23.259547,0.000000,-298.017163,-856.385692,906.758338,-843.466267,332.829296,-69.086904,-12.520094,215.128962,1030.804205,489.096704,188.087166,40.248225,906.758338,1,0,0.132421,0,LIO_DEGENERATE|POSITION_DRIFT|YAW_DRIFT
1785251059.459907770,22.732,1785251059.209000111,1785251059.217027664,0.008028,9.571719,-8.243382,92.334229,12.442568,-700.341675,3.569964,-37.754079,-702.966619,5.602712,-288.314543,-868.166874,26.237451,0.000000,-297.886262,-859.923493,910.057492,-847.077443,332.662659,-66.096777,-12.442568,218.488374,1030.998524,496.385314,190.512268,40.662543,910.057492,1,0,0.148056,0,LIO_DEGENERATE|POSITION_DRIFT|YAW_DRIFT
1785251059.721177101,22.993,1785251059.447999954,1785251059.434142113,0.013858,9.522863,-5.269945,92.324860,12.370890,-700.317505,3.604204,-37.663866,-702.945647,5.632817,-288.332403,-868.134824,26.327664,0.000000,-297.855266,-862.864880,912.827235,-850.072051,332.612489,-65.997195,-12.370890,221.462212,1031.035214,503.456973,192.848491,41.060916,912.827235,1,0,0.010696,0,LIO_DEGENERATE|POSITION_DRIFT|YAW_DRIFT
1785251059.919974566,23.192,1785251059.648000002,1785251059.661449432,0.013449,9.482336,-2.796478,92.317047,12.306269,-771.806580,105.146172,35.144113,-774.521366,103.235063,-407.436634,-889.663039,99.135644,0.000000,-416.918970,-886.866561,979.976390,-869.285818,452.433301,6.818596,-12.306269,223.936011,1152.069433,511.746245,197.951135,40.822554,979.976390,1,0,0.008544,0,LIO_DEGENERATE|POSITION_DRIFT|YAW_DRIFT
1785251060.121267319,23.393,1785251059.855999947,1785251059.867317677,0.011318,9.441136,-0.252473,92.310913,12.236469,-771.845581,105.180695,34.929560,-774.567505,103.279766,-407.497042,-889.684904,98.921090,0.000000,-416.938178,-889.432431,982.307230,-871.897259,452.462886,6.610177,-12.236469,226.480350,1152.133675,519.764674,202.810645,40.588044,982.307230,1,0,0.009620,0,LIO_DEGENERATE|POSITION_DRIFT|YAW_DRIFT
1785251060.373846769,23.646,1785251060.118000031,1785251060.102919579,0.015080,9.389495,2.944370,92.304474,12.137808,-805.115662,87.922462,35.387179,-807.822316,85.999855,-406.549448,-927.149285,99.378710,0.000000,-415.938943,-930.093655,1018.861822,-912.616622,453.001449,7.074236,-12.137808,229.677609,1189.610038,528.284645,207.460944,40.358587,1018.861822,1,0,0.065925,0,LIO_DEGENERATE|POSITION_DRIFT|YAW_DRIFT
1785251060.552229643,23.824,1785251060.316999912,1785251060.306805849,0.010194,9.350129,5.355569,92.304855,12.060016,-805.182861,88.005692,34.554542,-807.917169,86.122619,-406.701374,-927.180699,98.546072,0.000000,-416.051503,-932.536268,1021.137965,-915.049716,453.218226,6.241217,-12.060016,232.089130,1189.765178,536.527833,211.911131,40.131549,1021.137965,1,0,0.037943,0,LIO_DEGENERATE|POSITION_DRIFT|YAW_DRIFT
1785251060.799469471,24.071,1785251060.522000074,1785251060.533689022,0.011689,9.309980,7.822958,92.302917,11.984684,-805.202820,88.004189,33.290318,-807.978008,86.181902,-406.781331,-927.209382,97.281848,0.000000,-416.091312,-935.032340,1023.434149,-917.557501,453.327353,4.978931,-11.984684,234.556846,1189.850124,544.512099,216.174282,39.906407,1023.434149,1,0,0.085593,0,LIO_DEGENERATE|POSITION_DRIFT|YAW_DRIFT
1785251061.010915518,24.283,1785251060.756999969,1785251060.771724939,0.014725,9.265360,10.612638,92.298111,11.895398,-805.139648,87.932259,32.228333,-807.948135,86.161720,-406.750094,-927.191383,96.219863,0.000000,-416.015454,-937.804021,1025.936275,-920.368021,453.285722,3.921752,-11.895398,237.346883,1189.886175,552.257540,220.260931,39.683758,1025.936275,1,0,0.103132,0,LIO_DEGENERATE|POSITION_DRIFT|YAW_DRIFT
1785251061.334466219,24.606,1785251060.993999958,1785251060.984722376,0.009278,9.220935,13.417846,92.291489,11.803618,-888.246826,18.677078,-34.711237,-890.975974,20.567622,-384.206800,-1030.574204,29.280294,0.000000,-393.427735,-1043.992050,1115.663382,-1027.426654,434.855439,-63.011195,-11.803618,240.152442,1295.698310,561.631270,223.778744,40.017728,1115.663382,1,0,0.025951,0,LIO_DEGENERATE|POSITION_DRIFT|YAW_DRIFT
1785251061.455755711,24.728,1785251061.193000078,1785251061.203489780,0.010490,9.184300,15.760015,92.286316,11.725454,-888.196472,18.739733,-33.622187,-890.961059,20.578063,-384.209644,-1030.556221,30.369343,0.000000,-393.393945,-1046.316236,1117.826669,-1029.789593,434.821636,-61.916972,-11.725454,242.494897,1295.716517,570.696586,227.165845,40.323061,1117.826669,1,0,0.147240,0,LIO_DEGENERATE|POSITION_DRIFT|YAW_DRIFT
1785251061.661077738,24.933,1785251061.417999983,1785251061.431060076,0.013060,9.143521,18.384636,92.278946,11.637604,-888.075256,18.892841,-32.591853,-890.872453,20.681163,-384.263448,-1030.431379,31.399677,0.000000,-393.406969,-1048.816015,1120.171449,-1032.342800,434.801587,-60.879268,-11.637604,245.119835,1295.852460,579.476826,230.430732,40.602483,1120.171449,1,0,0.148249,0,LIO_DEGENERATE|POSITION_DRIFT|YAW_DRIFT
1785251061.880997181,25.153,1785251061.657000065,1785251061.641056299,0.015944,9.101385,21.129944,92.271622,11.540414,-887.940674,19.041658,-31.794360,-890.762490,20.790874,-384.313830,-1030.284443,32.197170,0.000000,-393.415215,-1051.414387,1122.607565,-1034.994376,434.780848,-60.074451,-11.540414,247.865466,1296.007793,587.991294,233.580822,40.861240,1122.607565,1,0,0.173726,0,LIO_DEGENERATE|POSITION_DRIFT|YAW_DRIFT
1785251062.282665253,25.555,1785251061.845999956,1785251061.858002663,0.012003,9.067867,23.331640,92.269974,11.462979,-945.212952,129.057693,19.193803,-948.348399,127.966195,-505.887076,-1035.041775,83.185333,0.000000,-514.954944,-1058.373416,1177.001649,-1037.146485,556.471068,-9.084640,-11.462979,250.067418,1417.674085,597.321795,239.319516,40.654111,1177.001649,1,0,0.190770,0,LIO_DEGENERATE|POSITION_DRIFT|YAW_DRIFT
1785251062.423527956,25.695,1785251062.111999989,1785251062.124759912,0.012760,9.020870,26.357466,92.271637,11.365163,-946.926819,134.197464,18.763052,-950.070384,133.129569,-511.282648,-1034.325213,82.754582,0.000000,-520.303518,-1060.682679,1181.424351,-1039.225777,561.937079,-9.517055,-11.365163,253.093608,1423.117030,606.407334,244.938518,40.451363,1181.424351,1,0,0.095467,0,LIO_DEGENERATE|POSITION_DRIFT|YAW_DRIFT
1785251062.628953695,25.901,1785251062.332999945,1785251062.349753141,0.016753,8.981362,28.852135,92.270508,11.282702,-946.847656,134.112198,17.935749,-950.006312,133.089803,-511.218814,-1034.285068,81.927279,0.000000,-520.200176,-1063.137203,1183.583092,-1041.693542,561.910579,-10.343229,-11.282702,255.588590,1423.192439,615.216807,250.317649,40.253972,1183.583092,1,0,0.137980,0,LIO_DEGENERATE|POSITION_DRIFT|YAW_DRIFT
1785251062.834939957,26.107,1785251062.594000101,1785251062.584449530,0.009551,8.935451,31.796082,92.268585,11.187521,-946.591248,133.611908,18.322860,-949.742924,132.568195,-510.634533,-1034.277080,82.314390,0.000000,-519.569984,-1066.073162,1185.944751,-1044.671000,561.362142,-9.954195,-11.187521,258.532895,1423.776774,623.770296,255.463684,40.058691,1185.944751,1,0,0.145052,0,LIO_DEGENERATE|POSITION_DRIFT|YAW_DRIFT
1785251063.094071388,26.366,1785251062.792000055,1785251062.805195570,0.013196,8.901432,34.005436,92.264832,11.114597,-946.528381,133.528336,18.077566,-949.684497,132.498126,-510.545939,-1034.255296,82.069096,0.000000,-519.447371,-1068.260732,1187.857972,-1046.898482,561.257633,-10.195736,-11.114597,260.742511,1423.868007,632.073658,260.403816,39.867092,1187.857972,1,0,0.192037,0,LIO_DEGENERATE|POSITION_DRIFT|YAW_DRIFT
1785251063.296281338,26.568,1785251063.032000065,1785251063.048653364,0.016653,8.860817,36.650921,92.261475,11.026470,-946.262451,132.960907,18.403060,-949.412664,131.912784,-509.900675,-1034.267666,82.394590,0.000000,-518.761492,-1070.918587,1189.949623,-1049.614213,560.615829,-9.866884,-11.026470,263.388308,1424.513390,640.144055,265.141177,39.677626,1189.949623,1,0,0.194102,0,LIO_DEGENERATE|POSITION_DRIFT|YAW_DRIFT
1785251063.601015806,26.873,1785251063.259999990,1785251063.274705648,0.014706,8.822074,39.159256,92.261337,10.948018,-1027.022217,1.568741,-9.650382,-1030.295236,2.125291,-428.724193,-1163.871533,54.341148,0.000000,-437.546267,-1203.030789,1280.128828,-1184.829430,484.674157,-37.920189,-10.948018,265.896942,1577.440770,649.672122,268.227396,39.660437,1280.128828,1,0,0.089248,0,LIO_DEGENERATE|POSITION_DRIFT|YAW_DRIFT
1785251063.783699751,27.056,1785251063.528000116,1785251063.518094778,0.009905,8.777172,42.081879,92.255966,10.849294,-1027.013550,1.706980,-9.423506,-1030.288747,2.250566,-428.833936,-1163.810768,54.568024,0.000000,-437.611108,-1205.892647,1282.840815,-1187.731947,484.740529,-37.687942,-10.849294,268.819910,1577.566212,658.930029,271.219596,39.641389,1282.840815,1,0,0.061269,0,LIO_DEGENERATE|POSITION_DRIFT|YAW_DRIFT
1785251063.971976519,27.244,1785251063.763000011,1785251063.755648851,0.007351,8.739056,44.620216,92.248337,10.770434,-1026.981567,2.211908,-9.883637,-1030.252293,2.781779,-429.295367,-1163.545067,54.107893,0.000000,-438.034423,-1208.165284,1285.121593,-1190.050763,485.094516,-38.140444,-10.770434,271.358534,1578.098675,667.924827,274.127558,39.626950,1285.121593,1,0,0.080820,0,LIO_DEGENERATE|POSITION_DRIFT|YAW_DRIFT
1785251064.230026722,27.502,1785251063.934000015,1785251063.947397709,0.013398,8.711731,46.457047,92.243515,10.705138,-1026.746826,2.218624,-9.757589,-1030.018798,2.781298,-429.192546,-1163.335429,54.233942,0.000000,-437.904277,-1209.792476,1286.607162,-1191.722622,484.928017,-38.009573,-10.705138,273.195567,1578.332171,676.656275,276.946576,39.611564,1286.607162,1,0,0.134345,0,LIO_DEGENERATE|POSITION_DRIFT|YAW_DRIFT
1785251064.488787413,27.761,1785251064.194000006,1785251064.184655666,0.009344,8.670127,49.222092,92.243820,10.611370,-1094.979004,139.620483,-4.176467,-1098.290188,139.862274,-582.328505,-1164.582366,59.815063,0.000000,-590.998632,-1213.804457,1350.037275,-1189.734988,638.068414,-32.428757,-10.611370,275.960925,1731.473206,686.284333,282.624550,39.548711,1350.037275,0,0,0.181080,0,POSITION_DRIFT|YAW_DRIFT
1785251064.685971498,27.958,1785251064.460999966,1785251064.445598125,0.015402,8.627015,52.037762,92.242950,10.517272,-1095.033936,139.513306,-4.036610,-1098.345700,139.747013,-582.249259,-1164.682798,59.954920,0.000000,-590.876274,-1216.720560,1352.606259,-1192.663331,638.042217,-32.288030,-10.517272,278.776925,1731.601138,695.647057,288.085107,39.485859,1352.606259,0,0,0.157268,0,POSITION_DRIFT|YAW_DRIFT
1785251064.947238445,28.219,1785251064.661000013,1785251064.664912462,0.003912,8.595132,54.131157,92.240189,10.443424,-1095.115356,139.382172,-3.427070,-1098.429419,139.580635,-582.136441,-1164.830997,60.564461,0.000000,-590.731573,-1218.962154,1354.559901,-1194.939623,637.927756,-31.675728,-10.443424,280.870563,1731.787393,704.747643,293.341514,39.419410,1354.559901,1,0,0.044480,0,LIO_DEGENERATE|POSITION_DRIFT|YAW_DRIFT
1785251065.198837757,28.471,1785251064.910000086,1785251064.924028873,0.014029,8.555733,56.716068,92.243744,10.348894,-1095.411743,138.974991,-3.402705,-1098.725890,139.172044,-581.899233,-1165.276613,60.588825,0.000000,-590.454966,-1221.992681,1357.167336,-1197.939069,637.844155,-31.654919,-10.348894,283.455775,1732.292211,713.611603,298.408003,39.353936,1357.167336,1,0,0.113777,0,LIO_DEGENERATE|POSITION_DRIFT|YAW_DRIFT
1785251065.434596300,28.707,1785251065.164000034,1785251065.179526567,0.015527,8.515478,59.325554,92.245392,10.265855,-1095.450684,138.975418,-3.317178,-1098.765121,139.167524,-581.912373,-1165.313853,60.674352,0.000000,-590.427852,-1224.639407,1359.539159,-1200.566478,637.955214,-31.571040,-10.265855,286.065571,1732.331701,722.246940,303.300545,39.288945,1359.539159,1,0,0.128146,0,LIO_DEGENERATE|POSITION_DRIFT|YAW_DRIFT
1785251065.704276085,28.976,1785251065.430000067,1785251065.414705515,0.015295,8.473968,62.035412,92.241852,10.170303,-1169.333008,13.192909,11.646463,-1172.584655,12.522693,-500.463123,-1287.191892,75.637993,0.000000,-508.937091,-1349.227304,1442.023328,-1328.286163,561.326240,-16.603859,-10.170303,288.775747,1878.920367,732.073972,306.656114,39.140628,1442.023328,1,0,0.005214,0,LIO_DEGENERATE|POSITION_DRIFT|YAW_DRIFT
1785251065.834289074,29.106,1785251065.631000042,1785251065.622273684,0.008726,8.442710,64.090958,92.238892,10.101461,-1169.348877,13.217687,11.516399,-1172.602037,12.554854,-500.499649,-1287.193411,75.507929,0.000000,-508.942359,-1351.284369,1443.950058,-1330.370452,561.343239,-16.730962,-10.101461,290.831530,1878.956924,741.629731,309.915608,38.994953,1443.950058,1,0,0.135227,0,LIO_DEGENERATE|POSITION_DRIFT|YAW_DRIFT
1785251066.075917482,29.348,1785251065.809000015,1785251065.822395563,0.013396,8.415552,65.880081,92.237061,10.038421,-1169.349487,13.222893,11.460588,-1172.603292,12.563229,-500.507726,-1287.190866,75.452118,0.000000,-508.923278,-1353.070947,1445.615402,-1332.174352,561.351394,-16.784943,-10.038421,292.620860,1878.965393,750.923853,313.083482,38.851581,1445.615402,1,0,0.195142,0,LIO_DEGENERATE|POSITION_DRIFT|YAW_DRIFT
1785251066.331934690,29.604,1785251066.068000078,1785251066.059327841,0.008672,8.377024,68.462456,92.231720,9.945192,-1169.326904,13.175093,11.810181,-1172.576623,12.495588,-500.435241,-1287.196559,75.801711,0.000000,-508.812265,-1355.659015,1447.999063,-1334.817098,561.217072,-16.430009,-9.945192,295.203522,1879.038101,759.981894,316.161764,38.708893,1447.999063,1,0,0.029814,0,LIO_DEGENERATE|POSITION_DRIFT|YAW_DRIFT
1785251066.658443689,29.930,1785251066.311000109,1785251066.310066938,0.000933,8.341380,70.868950,92.227753,9.857912,-1247.223877,126.773369,-18.824833,-1250.366288,127.844653,-638.213897,-1306.527378,45.166697,0.000000,-646.555278,-1377.396328,1521.595995,-1351.222517,699.608521,-47.061055,-9.857912,297.610280,2018.166239,770.032593,321.566648,38.790694,1521.595995,1,0,0.138155,0,LIO_DEGENERATE|POSITION_DRIFT|YAW_DRIFT
1785251066.789359331,30.061,1785251066.585999966,1785251066.587641716,0.001642,8.301785,73.557671,92.223816,9.756613,-1247.217407,126.768669,-18.837394,-1250.359584,127.840642,-638.207353,-1306.523111,45.154137,0.000000,-646.509137,-1380.080782,1524.006899,-1353.954806,699.573737,-47.069679,-9.756613,300.299292,2018.174052,779.822118,326.789013,38.870983,1524.006899,1,0,0.103036,0,LIO_DEGENERATE|POSITION_DRIFT|YAW_DRIFT
1785251067.066001415,30.338,1785251066.766000032,1785251066.779145956,0.013146,8.276323,75.311607,92.219193,9.691285,-1247.199097,126.773277,-18.809229,-1250.341800,127.843706,-638.202308,-1306.505785,45.182301,0.000000,-646.478631,-1381.817392,1525.566756,-1355.747742,699.501242,-47.036892,-9.691285,302.053414,2018.192098,789.349336,331.839179,38.949370,1525.566756,1,0,0.135895,0,LIO_DEGENERATE|POSITION_DRIFT|YAW_DRIFT
1785251067.307425976,30.579,1785251067.036000013,1785251067.051393509,0.015393,8.238689,77.912926,92.217499,9.591601,-1247.187622,126.759468,-18.972339,-1250.327265,127.838839,-638.191560,-1306.494856,45.019191,0.000000,-646.430250,-1384.407782,1527.892985,-1358.358741,699.513049,-47.198308,-9.591601,304.655004,2018.207425,798.639899,336.728700,39.027933,1527.892985,1,0,0.213612,0,LIO_DEGENERATE|POSITION_DRIFT|YAW_DRIFT
1785251067.586740017,30.859,1785251067.306999922,1785251067.289794207,0.017206,8.199631,80.488281,92.222336,9.480204,-1247.191772,126.754997,-19.764979,-1250.316183,127.877698,-638.221624,-1306.467857,44.226551,0.000000,-646.421255,-1386.956138,1530.198604,-1360.846470,699.717553,-47.995785,-9.480204,307.230656,2018.247834,807.704819,341.469998,39.113294,1530.198604,1,0,0.049341,0,LIO_DEGENERATE|POSITION_DRIFT|YAW_DRIFT
1785251067.835048199,31.107,1785251067.571000099,1785251067.567785740,0.003214,8.163416,82.895004,92.216583,9.383969,-1321.414062,31.500206,18.588148,-1324.560873,30.441912,-583.209829,-1415.919712,82.579678,0.000000,-591.373245,-1498.814717,1611.262818,-1474.820691,648.900455,-9.636905,-9.383969,309.637652,2140.746838,817.838488,345.227482,38.957310,1611.262818,1,0,0.162326,0,LIO_DEGENERATE|POSITION_DRIFT|YAW_DRIFT
1785251068.023367167,31.295,1785251067.753000021,1785251067.766908884,0.013909,8.139179,84.574539,92.214172,9.311708,-1321.619995,31.206577,16.069345,-1324.810274,30.287599,-583.180507,-1416.211523,80.060875,0.000000,-591.319687,-1500.786063,1613.077114,-1476.819937,648.861041,-12.153297,-9.311708,311.317361,2141.040119,827.710588,348.881747,38.809272,1613.077114,1,0,0.129182,0,LIO_DEGENERATE|POSITION_DRIFT|YAW_DRIFT
1785251068.276339531,31.548,1785251068.010999918,1785251068.001358271,0.009642,8.103693,86.974213,92.216156,9.208049,-1321.586548,31.185295,15.528476,-1324.785360,30.296474,-583.177558,-1416.185241,79.520006,0.000000,-591.281251,-1503.159453,1615.271451,-1479.170574,648.965541,-12.696150,-9.208049,313.717297,2141.066567,837.339911,352.439765,38.664604,1615.271451,1,0,0.168055,0,LIO_DEGENERATE|POSITION_DRIFT|YAW_DRIFT
1785251068.505273819,31.777,1785251068.253999949,1785251068.238635063,0.015365,8.069933,89.195305,92.218033,9.112326,-1321.593994,31.183424,15.985375,-1324.785616,30.269123,-583.153089,-1416.197465,79.976905,0.000000,-591.223022,-1505.392770,1617.328678,-1481.383212,649.042243,-12.241128,-9.112326,315.938646,2141.093919,846.735722,355.905439,38.520579,1617.328678,1,0,0.188169,0,LIO_DEGENERATE|POSITION_DRIFT|YAW_DRIFT
1785251068.698809385,31.971,1785251068.447999954,1785251068.462134838,0.014135,8.043582,90.952492,92.215668,9.032371,-1321.488159,31.159101,15.103497,-1324.693476,30.294031,-583.135071,-1416.103733,79.095027,0.000000,-591.178653,-1507.056225,1618.860916,-1483.073929,649.001067,-13.120641,-9.032371,317.696030,2141.189367,855.900628,359.281076,38.380770,1618.860916,1,0,0.186244,0,LIO_DEGENERATE|POSITION_DRIFT|YAW_DRIFT
1785251068.942434311,32.214,1785251068.657000065,1785251068.671295166,0.014295,8.015622,92.829933,92.216125,8.937784,-1321.531982,31.205112,15.054615,-1324.738036,30.342777,-583.198420,-1416.122405,79.046145,0.000000,-591.214042,-1508.952338,1620.639134,-1484.962071,649.121600,-13.169981,-8.937784,319.573680,2141.255411,864.848824,362.572916,38.242873,1620.639134,1,0,0.040094,0,LIO_DEGENERATE|POSITION_DRIFT|YAW_DRIFT
1785251069.230458260,32.502,1785251068.911999941,1785251068.922941446,0.010942,7.981298,95.087418,92.219391,8.832589,-1321.516968,31.178314,15.086510,-1324.722540,30.314194,-583.165937,-1416.121013,79.078040,0.000000,-591.147235,-1511.208430,1622.715617,-1487.182061,649.226842,-13.141351,-8.832589,321.831425,2141.287924,873.594332,365.784256,38.106634,1622.715617,1,0,0.116041,0,LIO_DEGENERATE|POSITION_DRIFT|YAW_DRIFT
1785251069.406379700,32.678,1785251069.158999920,1785251069.169859409,0.010859,7.948243,97.250969,92.222839,8.724175,-1321.548096,31.194605,14.964104,-1324.755507,30.337335,-583.201191,-1416.140494,78.955635,0.000000,-591.149434,-1513.391462,1624.749634,-1489.324287,649.403219,-13.267205,-8.724175,323.995229,2141.328202,882.145233,368.919413,37.972448,1624.749634,1,0,0.114161,0,LIO_DEGENERATE|POSITION_DRIFT|YAW_DRIFT
1785251069.934675932,33.207,1785251069.403000116,1785251069.387249470,0.015751,7.916880,99.359077,92.214066,8.635573,-1407.075928,126.038666,-22.553729,-1410.142015,127.312051,-707.797528,-1450.356043,41.437802,0.000000,-715.714408,-1549.715120,1707.004414,-1520.907921,775.050426,-50.776264,-8.635573,326.103571,2270.537146,891.700669,373.883469,38.091012,1707.004414,0,0,0.015448,0,POSITION_DRIFT|YAW_DRIFT
1785251069.949650526,33.222,1785251069.605999947,1785251069.617245436,0.011245,7.891013,101.115623,92.216187,8.575284,-1407.074707,126.057869,-22.502430,-1410.141933,127.328508,-707.812283,-1450.348753,41.489100,0.000000,-715.703296,-1551.464376,1708.587990,-1522.627607,775.163267,-50.727087,-8.575284,327.860307,2270.553603,901.030309,378.707634,38.206836,1708.587990,1,0,0.030422,0,LIO_DEGENERATE|POSITION_DRIFT|YAW_DRIFT
1785251070.173116207,33.445,1785251069.913000107,1785251069.899729252,0.013271,7.857623,103.353409,92.214172,8.500620,-1407.074829,126.047485,-21.537694,-1410.163014,127.266301,-707.765620,-1450.394977,42.453837,0.000000,-715.623244,-1553.748386,1710.628736,-1524.940252,775.117990,-49.760336,-8.500620,330.098342,2270.619285,910.150718,383.396426,38.310604,1710.628736,1,0,0.062539,0,LIO_DEGENERATE|POSITION_DRIFT|YAW_DRIFT
1785251070.404755831,33.677,1785251070.154999971,1785251070.154766560,0.000233,7.827489,105.391144,92.210480,8.430965,-1407.073242,126.109383,-22.371965,-1410.143354,127.373034,-707.852923,-1450.330504,41.619565,0.000000,-715.680412,-1555.721648,1712.445123,-1526.959794,775.152944,-50.590915,-8.430965,332.136300,2270.727814,919.067536,387.957711,38.420899,1712.445123,1,0,0.106103,0,LIO_DEGENERATE|POSITION_DRIFT|YAW_DRIFT
1785251070.620316744,33.892,1785251070.382999897,1785251070.364462852,0.018537,7.799572,107.314301,92.205200,8.355475,-1407.073486,126.108498,-22.798729,-1410.134101,127.394981,-707.868590,-1450.312564,41.192801,0.000000,-715.668162,-1557.626865,1714.171044,-1528.935491,775.073308,-51.012399,-8.355475,334.059659,2270.751632,927.787960,392.395812,38.533463,1714.171044,1,0,0.109552,0,LIO_DEGENERATE|POSITION_DRIFT|YAW_DRIFT
1785251070.898753166,34.171,1785251070.624000072,1785251070.605542660,0.018457,7.770488,109.306877,92.204483,8.276967,-1407.073486,126.108223,-23.050852,-1410.128410,127.408162,-707.877941,-1450.301670,40.940678,0.000000,-715.648429,-1559.608547,1715.963722,-1530.926167,775.110679,-51.263805,-8.276967,336.052448,2270.765988,936.320948,396.718199,38.646528,1715.963722,1,0,0.004165,0,LIO_DEGENERATE|POSITION_DRIFT|YAW_DRIFT
1785251071.124701977,34.397,1785251070.890000105,1785251070.885305166,0.004695,7.738006,111.516434,92.202423,8.186408,-1407.073853,126.108200,-23.161549,-1410.126259,127.414039,-707.882279,-1450.297160,40.829981,0.000000,-715.620285,-1561.813594,1717.956371,-1533.158533,775.112254,-51.372442,-8.186408,338.262243,2270.772247,944.676754,400.929575,38.758647,1717.956371,1,0,0.005326,0,LIO_DEGENERATE|POSITION_DRIFT|YAW_DRIFT
1785251071.392822981,34.665,1785251071.114000082,1785251071.113428593,0.000571,7.711065,113.350349,92.202637,8.108987,-1407.073853,126.107986,-23.317489,-1410.122694,127.422128,-707.887986,-1450.290409,40.674041,0.000000,-715.599051,-1563.640758,1719.608799,-1534.982273,775.166977,-51.528595,-8.108987,340.096357,2270.781087,952.857692,405.035606,38.870318,1719.608799,1,0,0.047472,0,LIO_DEGENERATE|POSITION_DRIFT|YAW_DRIFT
1785251071.678466797,34.950,1785251071.382999897,1785251071.372538805,0.010461,7.679568,115.507652,92.199738,8.009243,-1479.840820,44.486572,17.657286,-1483.004408,43.479541,-664.405252,-1552.600497,81.648816,0.000000,-672.084821,-1668.108149,1798.411189,-1641.082120,735.616938,-10.550922,-8.009243,342.253890,2381.948088,961.924407,408.494627,38.735732,1798.411189,1,0,0.165775,0,LIO_DEGENERATE|POSITION_DRIFT|YAW_DRIFT
1785251071.972867012,35.245,1785251071.582999945,1785251071.582151651,0.000848,7.656125,117.106819,92.198990,7.937022,-1480.474609,44.274696,17.719215,-1483.637107,43.264246,-664.489202,-1553.263530,81.710745,0.000000,-672.145327,-1670.370349,1800.532266,-1643.349931,735.742785,-10.488245,-7.937022,343.853228,2382.616414,970.803119,411.875662,38.602556,1800.532266,1,0,0.057382,0,LIO_DEGENERATE|POSITION_DRIFT|YAW_DRIFT
1785251072.061163425,35.333,1785251071.806999922,1785251071.832242250,0.025242,7.630714,118.847641,92.196243,7.856691,-1480.471436,44.264965,17.223598,-1483.642555,43.281908,-664.507464,-1553.260681,81.215128,0.000000,-672.138179,-1672.108322,1802.142051,-1645.122169,735.723468,-10.981116,-7.856691,345.594236,2382.634898,979.494317,415.179796,38.471898,1802.142051,1,0,0.145678,0,LIO_DEGENERATE|POSITION_DRIFT|YAW_DRIFT
1785251072.415072441,35.687,1785251072.053999901,1785251072.047814846,0.006185,7.602600,120.780334,92.194412,7.770698,-1480.463501,44.232464,15.961790,-1483.655499,43.319476,-664.546904,-1553.255841,79.953320,0.000000,-672.149504,-1674.036175,1803.935163,-1647.071686,735.756027,-12.241092,-7.770698,347.527134,2382.674633,988.007735,418.410589,38.345497,1803.935163,1,0,0.104703,0,LIO_DEGENERATE|POSITION_DRIFT|YAW_DRIFT
1785251072.549400806,35.821,1785251072.295000076,1785251072.304775953,0.009776,7.576329,122.632530,92.189209,7.688244,-1480.453857,44.202232,15.140526,-1483.658614,43.335090,-664.562303,-1553.251793,79.132057,0.000000,-672.138632,-1675.884323,1805.646312,-1648.985711,735.666182,-13.057152,-7.688244,349.379516,2382.690555,996.349062,421.569199,38.222476,1805.646312,1,0,0.034657,0,LIO_DEGENERATE|POSITION_DRIFT|YAW_DRIFT
1785251072.804817200,36.077,1785251072.546999931,1785251072.535198212,0.011802,7.551630,124.372910,92.188995,7.611251,-1480.435669,44.140156,13.983538,-1483.657281,43.337901,-664.564244,-1553.249363,77.975068,0.000000,-672.115873,-1677.622273,1807.251017,-1650.726004,735.703675,-14.213928,-7.611251,351.120070,2382.693665,1004.523356,424.659841,38.103814,1807.251017,1,0,0.101438,0,LIO_DEGENERATE|POSITION_DRIFT|YAW_DRIFT
1785251073.001962185,36.274,1785251072.779000044,1785251072.794038296,0.015038,7.526684,126.139336,92.188889,7.542491,-1480.411011,44.057980,12.492822,-1483.652403,43.339806,-664.563817,-1553.244144,76.484352,0.000000,-672.090501,-1679.383479,1808.876588,-1652.488266,735.742511,-15.704537,-7.542491,352.886672,2382.698902,1012.537024,427.684950,37.990678,1808.876588,1,0,0.097024,0,LIO_DEGENERATE|POSITION_DRIFT|YAW_DRIFT
1785251073.242174387,36.514,1785251072.982000113,1785251072.990636110,0.008636,7.495912,127.666092,92.290573,7.475018,-1480.411499,44.061314,13.713695,-1483.636854,43.274240,-664.498073,-1553.258920,77.705225,0.000000,-671.993985,-1680.925012,1810.272027,-1652.724078,738.639244,-14.585348,-7.475018,354.413739,2382.766287,1020.392972,430.681517,37.875642,1810.272027,1,0,0.134227,0,LIO_DEGENERATE|POSITION_DRIFT|YAW_DRIFT
1785251073.472240448,36.744,1785251073.220999956,1785251073.228544235,0.007544,7.478712,129.419632,92.314285,7.296233,-1480.409790,44.059597,10.585954,-1483.673285,43.449679,-664.671720,-1553.214731,74.577484,0.000000,-672.150432,-1682.634363,1811.917383,-1654.119886,739.548514,-17.736801,-7.296233,356.167363,2382.945468,1028.099919,433.626521,37.771380,1811.917383,1,0,0.151127,0,LIO_DEGENERATE|POSITION_DRIFT|YAW_DRIFT
1785251073.655148983,36.927,1785251073.428999901,1785251073.437812567,0.008813,7.442410,130.910568,92.119293,7.141373,-1480.417725,44.084663,10.364916,-1483.683548,43.487339,-664.710067,-1553.207440,74.356446,0.000000,-672.152477,-1684.118009,1813.296010,-1658.109729,733.971762,-17.762847,-7.141373,357.658741,2382.984502,1035.659795,436.445054,37.668379,1813.296010,1,0,0.173721,0,LIO_DEGENERATE|POSITION_DRIFT|YAW_DRIFT
1785251073.905176878,37.177,1785251073.658999920,1785251073.643310308,0.015690,7.426956,132.520554,92.126465,6.884465,-1480.398926,44.033939,10.656279,-1483.661670,43.420016,-664.639967,-1553.217299,74.647809,0.000000,-672.066924,-1685.737853,1814.768872,-1659.639749,734.153910,-17.478655,-6.884465,359.268801,2383.055292,1043.078807,439.208843,37.565607,1814.768872,1,0,0.002881,0,LIO_DEGENERATE|POSITION_DRIFT|YAW_DRIFT
1785251074.110769749,37.383,1785251073.885999918,1785251073.891931295,0.005931,7.406781,134.081192,92.079361,6.800372,-1480.400879,44.039665,12.390196,-1483.643553,43.327299,-664.548696,-1553.241674,76.381726,0.000000,-671.955477,-1687.322866,1816.200049,-1661.830762,732.735379,-15.697635,-6.800372,360.829570,2383.149762,1050.361225,441.901346,37.458537,1816.200049,1,0,0.000767,0,LIO_DEGENERATE|POSITION_DRIFT|YAW_DRIFT
1785251074.399302006,37.671,1785251074.084000111,1785251074.099704027,0.015704,7.392436,135.421188,91.982193,6.736751,-1544.231079,140.522186,-26.248702,-1547.208730,141.990517,-781.093799,-1567.105340,37.742828,0.000000,-788.486235,-1702.526528,1876.248150,-1674.234913,846.902933,-54.239365,-6.736751,362.169643,2500.516548,1058.212563,445.928157,37.598956,1876.248150,1,0,0.072008,0,LIO_DEGENERATE|POSITION_DRIFT|YAW_DRIFT
1785251074.581182718,37.853,1785251074.346999884,1785251074.355616331,0.008616,7.368301,137.134811,92.164490,6.641570,-1544.440430,140.671204,-25.109135,-1547.446694,142.080025,-781.278590,-1567.279955,38.882396,0.000000,-788.646892,-1704.414767,1878.029184,-1673.412694,852.457373,-53.282094,-6.641570,363.883436,2500.770789,1065.921762,449.936232,37.727674,1878.029184,1,0,0.078460,0,LIO_DEGENERATE|POSITION_DRIFT|YAW_DRIFT
1785251074.853426218,38.125,1785251074.536000013,1785251074.552587271,0.016587,7.353351,138.421951,92.311890,6.589463,-1544.437744,140.676605,-22.655645,-1547.501562,141.955442,-781.190684,-1567.383897,41.335885,0.000000,-788.544034,-1705.805848,1879.248596,-1672.608214,856.712933,-50.976005,-6.589463,365.170662,2500.906919,1073.486955,453.909602,37.832761,1879.248596,1,0,0.150609,0,LIO_DEGENERATE|POSITION_DRIFT|YAW_DRIFT
1785251075.092853546,38.365,1785251074.811000109,1785251074.822207451,0.011207,7.320682,140.227966,92.319473,6.511058,-1544.434326,140.678497,-19.239808,-1547.568896,141.772513,-781.055807,-1567.524628,44.751722,0.000000,-788.376488,-1707.752594,1880.945616,-1674.446737,856.845689,-47.567751,-6.511058,366.976973,2501.101848,1080.918527,457.797511,37.906430,1880.945616,1,0,0.192961,0,LIO_DEGENERATE|POSITION_DRIFT|YAW_DRIFT
1785251075.321659803,38.594,1785251075.071000099,1785251075.080094814,0.009095,7.292788,141.906204,92.318039,6.439525,-1544.432373,140.679733,-16.685664,-1547.612582,141.632974,-780.949556,-1567.625078,47.305866,0.000000,-788.242344,-1709.531282,1882.504501,-1676.250845,856.741678,-45.012173,-6.439525,368.655443,2501.248064,1088.219241,461.600202,37.958207,1882.504501,1,0,0.023237,0,LIO_DEGENERATE|POSITION_DRIFT|YAW_DRIFT
1785251075.553946257,38.826,1785251075.279999971,1785251075.287494659,0.007495,7.269693,143.242981,92.318893,6.384653,-1544.431641,140.676880,-14.198500,-1547.650221,141.491216,-780.838658,-1567.721066,49.793030,0.000000,-788.108351,-1710.964047,1883.749650,-1677.675080,856.690766,-42.525863,-6.384653,369.992419,2501.394734,1095.389738,465.321444,37.990262,1883.749650,1,0,0.039272,0,LIO_DEGENERATE|POSITION_DRIFT|YAW_DRIFT
1785251075.782335043,39.054,1785251075.526999950,1785251075.536108017,0.009108,7.242855,144.804596,92.320175,6.306660,-1544.429810,140.678116,-11.738574,-1547.680375,141.353558,-780.728164,-1567.808531,52.252956,0.000000,-787.971019,-1712.613127,1885.190189,-1679.309203,856.657837,-40.067219,-6.306660,371.554264,2501.535656,1102.436364,468.964380,38.004298,1885.190189,1,0,0.083154,0,LIO_DEGENERATE|POSITION_DRIFT|YAW_DRIFT
1785251076.016898155,39.289,1785251075.755000114,1785251075.763451338,0.008451,7.218975,146.230835,92.314255,6.226229,-1544.391846,140.686676,-9.689865,-1547.664480,141.245482,-780.624062,-1567.841637,54.301665,0.000000,-787.843038,-1714.072472,1886.462587,-1680.861036,856.415360,-38.012589,-6.226229,372.980703,2501.644895,1109.361129,472.529288,38.004352,1886.462587,1,0,0.102598,0,LIO_DEGENERATE|POSITION_DRIFT|YAW_DRIFT
1785251076.263671875,39.536,1785251075.993999958,1785251076.002457619,0.008458,7.194016,147.710144,92.307541,6.123280,-1544.407715,140.675934,-18.742833,-1547.551656,141.742720,-781.021471,-1567.522198,45.248697,0.000000,-788.215487,-1715.232342,1887.672017,-1682.105312,856.637241,-47.058844,-6.123280,374.460223,2502.154772,1116.167111,476.024311,38.070094,1887.672017,1,0,0.156350,0,LIO_DEGENERATE|POSITION_DRIFT|YAW_DRIFT
1785251076.488069057,39.760,1785251076.223000050,1785251076.237012625,0.014013,7.171071,149.102188,92.309570,6.018066,-1544.394409,140.682587,-10.051148,-1547.663455,141.262017,-780.638474,-1567.833465,53.940383,0.000000,-787.809545,-1716.935653,1889.050533,-1683.793255,856.359849,-38.369188,-6.018066,375.852456,2502.648304,1122.859774,479.446055,38.072031,1889.050533,1,0,0.001390,0,LIO_DEGENERATE|POSITION_DRIFT|YAW_DRIFT
1785251076.708971739,39.981,1785251076.459000111,1785251076.467948437,0.008948,7.146329,150.507187,92.315323,5.908421,-1544.385132,140.688751,11.469352,-1547.638835,140.028590,-779.519161,-1568.352201,75.460882,0.000000,-786.665490,-1718.859388,1890.322774,-1685.675650,855.463495,-16.854441,-5.908421,377.257673,2503.881977,1129.441379,482.789957,37.973794,1890.322774,1,0,0.009272,0,LIO_DEGENERATE|POSITION_DRIFT|YAW_DRIFT
1785251076.954729319,40.227,1785251076.683000088,1785251076.680257320,0.002743,7.123815,151.817902,92.317963,5.813181,-1558.485840,9.836456,51.624216,-1560.546951,7.233723,-665.832792,-1638.184183,115.615746,0.000000,-672.956606,-1790.002085,1912.322687,-1761.319681,744.802685,23.297783,-5.813181,378.568581,2637.302726,1136.136260,484.907039,37.898305,1912.322687,1,0,0.031279,0,LIO_DEGENERATE|POSITION_DRIFT|YAW_DRIFT
1785251077.151086807,40.423,1785251076.894000053,1785251076.903841496,0.009841,7.102398,153.029388,92.315063,5.725069,-1558.478638,9.835452,47.308496,-1560.729766,7.395202,-666.058083,-1638.277676,111.300026,0.000000,-673.160481,-1791.307064,1913.615957,-1762.653044,744.969984,18.984963,-5.725069,379.780257,2637.546646,1142.721616,486.989912,37.808363,1913.615957,1,0,0.045600,0,LIO_DEGENERATE|POSITION_DRIFT|YAW_DRIFT
1785251077.375880957,40.648,1785251077.128000021,1785251077.138211250,0.010211,7.079605,154.354935,92.315033,5.634763,-1558.475830,9.835327,44.242670,-1560.854249,7.518967,-666.223901,-1638.335280,108.234200,0.000000,-673.303506,-1792.690215,1914.961049,-1764.029686,745.167823,15.919167,-5.634763,381.105999,2637.722185,1149.201202,489.039777,37.710419,1914.961049,1,0,0.071531,0,LIO_DEGENERATE|POSITION_DRIFT|YAW_DRIFT
